CREATE TABLE IF NOT EXISTS "auth_group" ("id" integer NOT NULL PRIMARY KEY AUTOINCREMENT, "name" varchar(150) NOT NULL UNIQUE);
CREATE UNIQUE INDEX "auth_group_permissions_group_id_permission_id_0cd325b0_uniq" ON "auth_group_permissions" ("group_id", "permission_id");
CREATE INDEX IF NOT EXISTS "auth_group_permissions_group_id_b120cbf9" ON "auth_group_permissions" ("group_id");
CREATE INDEX IF NOT EXISTS "auth_group_permissions_permission_id_84c5c92e" ON "auth_group_permissions" ("permission_id");
CREATE UNIQUE INDEX "auth_user_groups_user_id_group_id_94350c0c_uniq" ON "auth_user_groups" ("user_id", "group_id");
CREATE INDEX IF NOT EXISTS "auth_user_groups_user_id_6a12ed8b" ON "auth_user_groups" ("user_id");
CREATE INDEX IF NOT EXISTS "auth_user_groups_group_id_97559544" ON "auth_user_groups" ("group_id");
CREATE UNIQUE INDEX "auth_user_user_permissions_user_id_permission_id_14a6b632_uniq" ON "auth_user_user_permissions" ("user_id", "permission_id");
CREATE INDEX IF NOT EXISTS "auth_user_user_permissions_user_id_a95ead1b" ON "auth_user_user_permissions" ("user_id");
CREATE INDEX IF NOT EXISTS "auth_user_user_permissions_permission_id_1fbb5f2c" ON "auth_user_user_permissions" ("permission_id");
CREATE INDEX IF NOT EXISTS "django_admin_log_content_type_id_c4bce8eb" ON "django_admin_log" ("content_type_id");
CREATE INDEX IF NOT EXISTS "django_admin_log_user_id_c564eba6" ON "django_admin_log" ("user_id");
CREATE UNIQUE INDEX "django_content_type_app_label_model_76bd3d3b_uniq" ON "django_content_type" ("app_label", "model");
CREATE UNIQUE INDEX "auth_permission_content_type_id_codename_01ab375a_uniq" ON "auth_permission" ("content_type_id", "codename");
CREATE INDEX IF NOT EXISTS "auth_permission_content_type_id_2f476e4b" ON "auth_permission" ("content_type_id");
CREATE INDEX IF NOT EXISTS "users_guruhs_kurs_id_id_ed5d4264" ON "users_guruhs" ("kurs_id_id");
CREATE INDEX IF NOT EXISTS "users_yonalishs_fakultet_id_id_97bad4f8" ON "users_yonalishs" ("fakultet_id_id");
CREATE INDEX IF NOT EXISTS "users_kurs_yonalish_id_id_897d88e5" ON "users_kurs" ("yonalish_id_id");
CREATE INDEX IF NOT EXISTS "quiz_testlar_mavzu_id_id_59b13d58" ON "quiz_testlar" ("mavzu_id_id");
CREATE INDEX IF NOT EXISTS "quiz_talabas_fakultet_id_id_ba70bcf1" ON "quiz_talabas" ("fakultet_id_id");
CREATE INDEX IF NOT EXISTS "quiz_talabas_guruh_id_id_3e45a2ae" ON "quiz_talabas" ("guruh_id_id");
CREATE INDEX IF NOT EXISTS "quiz_talabas_kurs_id_id_dfd061fd" ON "quiz_talabas" ("kurs_id_id");
CREATE INDEX IF NOT EXISTS "quiz_talabas_yonalish_id_id_b569cc1e" ON "quiz_talabas" ("yonalish_id_id");
CREATE INDEX IF NOT EXISTS "quiz_talabas_tast_id_id_0de70755" ON "quiz_talabas" ("tast_id_id");
CREATE INDEX IF NOT EXISTS "django_session_expire_date_a5c62663" ON "django_session" ("expire_date");
CREATE TABLE IF NOT EXISTS "auth_group_permissions" ("id" integer NOT NULL PRIMARY KEY AUTOINCREMENT, "group_id" integer NOT NULL REFERENCES "auth_group" ("id") DEFERRABLE INITIALLY DEFERRED, "permission_id" integer NOT NULL REFERENCES "auth_permission" ("id") DEFERRABLE INITIALLY DEFERRED);
CREATE UNIQUE INDEX "auth_group_permissions_group_id_permission_id_0cd325b0_uniq" ON "auth_group_permissions" ("group_id", "permission_id");
CREATE INDEX IF NOT EXISTS "auth_group_permissions_group_id_b120cbf9" ON "auth_group_permissions" ("group_id");
CREATE INDEX IF NOT EXISTS "auth_group_permissions_permission_id_84c5c92e" ON "auth_group_permissions" ("permission_id");
CREATE UNIQUE INDEX "auth_user_groups_user_id_group_id_94350c0c_uniq" ON "auth_user_groups" ("user_id", "group_id");
CREATE INDEX IF NOT EXISTS "auth_user_groups_user_id_6a12ed8b" ON "auth_user_groups" ("user_id");
CREATE INDEX IF NOT EXISTS "auth_user_groups_group_id_97559544" ON "auth_user_groups" ("group_id");
CREATE UNIQUE INDEX "auth_user_user_permissions_user_id_permission_id_14a6b632_uniq" ON "auth_user_user_permissions" ("user_id", "permission_id");
CREATE INDEX IF NOT EXISTS "auth_user_user_permissions_user_id_a95ead1b" ON "auth_user_user_permissions" ("user_id");
CREATE INDEX IF NOT EXISTS "auth_user_user_permissions_permission_id_1fbb5f2c" ON "auth_user_user_permissions" ("permission_id");
CREATE INDEX IF NOT EXISTS "django_admin_log_content_type_id_c4bce8eb" ON "django_admin_log" ("content_type_id");
CREATE INDEX IF NOT EXISTS "django_admin_log_user_id_c564eba6" ON "django_admin_log" ("user_id");
CREATE UNIQUE INDEX "django_content_type_app_label_model_76bd3d3b_uniq" ON "django_content_type" ("app_label", "model");
CREATE UNIQUE INDEX "auth_permission_content_type_id_codename_01ab375a_uniq" ON "auth_permission" ("content_type_id", "codename");
CREATE INDEX IF NOT EXISTS "auth_permission_content_type_id_2f476e4b" ON "auth_permission" ("content_type_id");
CREATE INDEX IF NOT EXISTS "users_guruhs_kurs_id_id_ed5d4264" ON "users_guruhs" ("kurs_id_id");
CREATE INDEX IF NOT EXISTS "users_yonalishs_fakultet_id_id_97bad4f8" ON "users_yonalishs" ("fakultet_id_id");
CREATE INDEX IF NOT EXISTS "users_kurs_yonalish_id_id_897d88e5" ON "users_kurs" ("yonalish_id_id");
CREATE INDEX IF NOT EXISTS "quiz_testlar_mavzu_id_id_59b13d58" ON "quiz_testlar" ("mavzu_id_id");
CREATE INDEX IF NOT EXISTS "quiz_talabas_fakultet_id_id_ba70bcf1" ON "quiz_talabas" ("fakultet_id_id");
CREATE INDEX IF NOT EXISTS "quiz_talabas_guruh_id_id_3e45a2ae" ON "quiz_talabas" ("guruh_id_id");
CREATE INDEX IF NOT EXISTS "quiz_talabas_kurs_id_id_dfd061fd" ON "quiz_talabas" ("kurs_id_id");
CREATE INDEX IF NOT EXISTS "quiz_talabas_yonalish_id_id_b569cc1e" ON "quiz_talabas" ("yonalish_id_id");
CREATE INDEX IF NOT EXISTS "quiz_talabas_tast_id_id_0de70755" ON "quiz_talabas" ("tast_id_id");
CREATE INDEX IF NOT EXISTS "django_session_expire_date_a5c62663" ON "django_session" ("expire_date");
CREATE TABLE IF NOT EXISTS "auth_permission" ("id" integer NOT NULL PRIMARY KEY AUTOINCREMENT, "content_type_id" integer NOT NULL REFERENCES "django_content_type" ("id") DEFERRABLE INITIALLY DEFERRED, "codename" varchar(100) NOT NULL, "name" varchar(255) NOT NULL);
INSERT INTO "auth_permission" VALUES(1,1,'add_logentry','Can add log entry');
INSERT INTO "auth_permission" VALUES(2,1,'change_logentry','Can change log entry');
INSERT INTO "auth_permission" VALUES(3,1,'delete_logentry','Can delete log entry');
INSERT INTO "auth_permission" VALUES(4,1,'view_logentry','Can view log entry');
INSERT INTO "auth_permission" VALUES(5,2,'add_permission','Can add permission');
INSERT INTO "auth_permission" VALUES(6,2,'change_permission','Can change permission');
INSERT INTO "auth_permission" VALUES(7,2,'delete_permission','Can delete permission');
INSERT INTO "auth_permission" VALUES(8,2,'view_permission','Can view permission');
INSERT INTO "auth_permission" VALUES(9,3,'add_group','Can add group');
INSERT INTO "auth_permission" VALUES(10,3,'change_group','Can change group');
INSERT INTO "auth_permission" VALUES(11,3,'delete_group','Can delete group');
INSERT INTO "auth_permission" VALUES(12,3,'view_group','Can view group');
INSERT INTO "auth_permission" VALUES(13,4,'add_user','Can add user');
INSERT INTO "auth_permission" VALUES(14,4,'change_user','Can change user');
INSERT INTO "auth_permission" VALUES(15,4,'delete_user','Can delete user');
INSERT INTO "auth_permission" VALUES(16,4,'view_user','Can view user');
INSERT INTO "auth_permission" VALUES(17,5,'add_contenttype','Can add content type');
INSERT INTO "auth_permission" VALUES(18,5,'change_contenttype','Can change content type');
INSERT INTO "auth_permission" VALUES(19,5,'delete_contenttype','Can delete content type');
INSERT INTO "auth_permission" VALUES(20,5,'view_contenttype','Can view content type');
INSERT INTO "auth_permission" VALUES(21,6,'add_session','Can add session');
INSERT INTO "auth_permission" VALUES(22,6,'change_session','Can change session');
INSERT INTO "auth_permission" VALUES(23,6,'delete_session','Can delete session');
INSERT INTO "auth_permission" VALUES(24,6,'view_session','Can view session');
INSERT INTO "auth_permission" VALUES(25,7,'add_mavzular','Can add mavzular');
INSERT INTO "auth_permission" VALUES(26,7,'change_mavzular','Can change mavzular');
INSERT INTO "auth_permission" VALUES(27,7,'delete_mavzular','Can delete mavzular');
INSERT INTO "auth_permission" VALUES(28,7,'view_mavzular','Can view mavzular');
INSERT INTO "auth_permission" VALUES(29,8,'add_testlar','Can add testlar');
INSERT INTO "auth_permission" VALUES(30,8,'change_testlar','Can change testlar');
INSERT INTO "auth_permission" VALUES(31,8,'delete_testlar','Can delete testlar');
INSERT INTO "auth_permission" VALUES(32,8,'view_testlar','Can view testlar');
INSERT INTO "auth_permission" VALUES(33,9,'add_talabas','Can add talabas');
INSERT INTO "auth_permission" VALUES(34,9,'change_talabas','Can change talabas');
INSERT INTO "auth_permission" VALUES(35,9,'delete_talabas','Can delete talabas');
INSERT INTO "auth_permission" VALUES(36,9,'view_talabas','Can view talabas');
INSERT INTO "auth_permission" VALUES(37,10,'add_fakultets','Can add fakultets');
INSERT INTO "auth_permission" VALUES(38,10,'change_fakultets','Can change fakultets');
INSERT INTO "auth_permission" VALUES(39,10,'delete_fakultets','Can delete fakultets');
INSERT INTO "auth_permission" VALUES(40,10,'view_fakultets','Can view fakultets');
INSERT INTO "auth_permission" VALUES(41,11,'add_kurs','Can add kurs');
INSERT INTO "auth_permission" VALUES(42,11,'change_kurs','Can change kurs');
INSERT INTO "auth_permission" VALUES(43,11,'delete_kurs','Can delete kurs');
INSERT INTO "auth_permission" VALUES(44,11,'view_kurs','Can view kurs');
INSERT INTO "auth_permission" VALUES(45,12,'add_guruhs','Can add guruhs');
INSERT INTO "auth_permission" VALUES(46,12,'change_guruhs','Can change guruhs');
INSERT INTO "auth_permission" VALUES(47,12,'delete_guruhs','Can delete guruhs');
INSERT INTO "auth_permission" VALUES(48,12,'view_guruhs','Can view guruhs');
INSERT INTO "auth_permission" VALUES(49,13,'add_yonalishs','Can add yonalishs');
INSERT INTO "auth_permission" VALUES(50,13,'change_yonalishs','Can change yonalishs');
INSERT INTO "auth_permission" VALUES(51,13,'delete_yonalishs','Can delete yonalishs');
INSERT INTO "auth_permission" VALUES(52,13,'view_yonalishs','Can view yonalishs');
CREATE UNIQUE INDEX "auth_group_permissions_group_id_permission_id_0cd325b0_uniq" ON "auth_group_permissions" ("group_id", "permission_id");
CREATE INDEX IF NOT EXISTS "auth_group_permissions_group_id_b120cbf9" ON "auth_group_permissions" ("group_id");
CREATE INDEX IF NOT EXISTS "auth_group_permissions_permission_id_84c5c92e" ON "auth_group_permissions" ("permission_id");
CREATE UNIQUE INDEX "auth_user_groups_user_id_group_id_94350c0c_uniq" ON "auth_user_groups" ("user_id", "group_id");
CREATE INDEX IF NOT EXISTS "auth_user_groups_user_id_6a12ed8b" ON "auth_user_groups" ("user_id");
CREATE INDEX IF NOT EXISTS "auth_user_groups_group_id_97559544" ON "auth_user_groups" ("group_id");
CREATE UNIQUE INDEX "auth_user_user_permissions_user_id_permission_id_14a6b632_uniq" ON "auth_user_user_permissions" ("user_id", "permission_id");
CREATE INDEX IF NOT EXISTS "auth_user_user_permissions_user_id_a95ead1b" ON "auth_user_user_permissions" ("user_id");
CREATE INDEX IF NOT EXISTS "auth_user_user_permissions_permission_id_1fbb5f2c" ON "auth_user_user_permissions" ("permission_id");
CREATE INDEX IF NOT EXISTS "django_admin_log_content_type_id_c4bce8eb" ON "django_admin_log" ("content_type_id");
CREATE INDEX IF NOT EXISTS "django_admin_log_user_id_c564eba6" ON "django_admin_log" ("user_id");
CREATE UNIQUE INDEX "django_content_type_app_label_model_76bd3d3b_uniq" ON "django_content_type" ("app_label", "model");
CREATE UNIQUE INDEX "auth_permission_content_type_id_codename_01ab375a_uniq" ON "auth_permission" ("content_type_id", "codename");
CREATE INDEX IF NOT EXISTS "auth_permission_content_type_id_2f476e4b" ON "auth_permission" ("content_type_id");
CREATE INDEX IF NOT EXISTS "users_guruhs_kurs_id_id_ed5d4264" ON "users_guruhs" ("kurs_id_id");
CREATE INDEX IF NOT EXISTS "users_yonalishs_fakultet_id_id_97bad4f8" ON "users_yonalishs" ("fakultet_id_id");
CREATE INDEX IF NOT EXISTS "users_kurs_yonalish_id_id_897d88e5" ON "users_kurs" ("yonalish_id_id");
CREATE INDEX IF NOT EXISTS "quiz_testlar_mavzu_id_id_59b13d58" ON "quiz_testlar" ("mavzu_id_id");
CREATE INDEX IF NOT EXISTS "quiz_talabas_fakultet_id_id_ba70bcf1" ON "quiz_talabas" ("fakultet_id_id");
CREATE INDEX IF NOT EXISTS "quiz_talabas_guruh_id_id_3e45a2ae" ON "quiz_talabas" ("guruh_id_id");
CREATE INDEX IF NOT EXISTS "quiz_talabas_kurs_id_id_dfd061fd" ON "quiz_talabas" ("kurs_id_id");
CREATE INDEX IF NOT EXISTS "quiz_talabas_yonalish_id_id_b569cc1e" ON "quiz_talabas" ("yonalish_id_id");
CREATE INDEX IF NOT EXISTS "quiz_talabas_tast_id_id_0de70755" ON "quiz_talabas" ("tast_id_id");
CREATE INDEX IF NOT EXISTS "django_session_expire_date_a5c62663" ON "django_session" ("expire_date");
CREATE TABLE IF NOT EXISTS "auth_user" ("id" integer NOT NULL PRIMARY KEY AUTOINCREMENT, "password" varchar(128) NOT NULL, "last_login" datetime NULL, "is_superuser" bool NOT NULL, "username" varchar(150) NOT NULL UNIQUE, "last_name" varchar(150) NOT NULL, "email" varchar(254) NOT NULL, "is_staff" bool NOT NULL, "is_active" bool NOT NULL, "date_joined" datetime NOT NULL, "first_name" varchar(150) NOT NULL);
INSERT INTO "auth_user" VALUES(1,'pbkdf2_sha256$870000$uirSq3gjm1SXlaSXr9haI1$dtxB49gmjVpGWIzc6FzvViv9/tKTc3ujhnhZQJ/Mi3c=','2024-10-17 05:10:30.497923',1,'haker','','',1,1,'2024-10-17 05:08:33.004760','');
INSERT INTO "auth_user" VALUES(2,'pbkdf2_sha256$870000$ycshg10fXLUBgWxT1ZnJNE$M1WHWxjo3ZevpLvJ7dtR7KngeEiKwd1EYhpeVutNDOE=',NULL,1,'admin','','',1,1,'2024-10-17 05:08:49.602388','');
CREATE UNIQUE INDEX "auth_group_permissions_group_id_permission_id_0cd325b0_uniq" ON "auth_group_permissions" ("group_id", "permission_id");
CREATE INDEX IF NOT EXISTS "auth_group_permissions_group_id_b120cbf9" ON "auth_group_permissions" ("group_id");
CREATE INDEX IF NOT EXISTS "auth_group_permissions_permission_id_84c5c92e" ON "auth_group_permissions" ("permission_id");
CREATE UNIQUE INDEX "auth_user_groups_user_id_group_id_94350c0c_uniq" ON "auth_user_groups" ("user_id", "group_id");
CREATE INDEX IF NOT EXISTS "auth_user_groups_user_id_6a12ed8b" ON "auth_user_groups" ("user_id");
CREATE INDEX IF NOT EXISTS "auth_user_groups_group_id_97559544" ON "auth_user_groups" ("group_id");
CREATE UNIQUE INDEX "auth_user_user_permissions_user_id_permission_id_14a6b632_uniq" ON "auth_user_user_permissions" ("user_id", "permission_id");
CREATE INDEX IF NOT EXISTS "auth_user_user_permissions_user_id_a95ead1b" ON "auth_user_user_permissions" ("user_id");
CREATE INDEX IF NOT EXISTS "auth_user_user_permissions_permission_id_1fbb5f2c" ON "auth_user_user_permissions" ("permission_id");
CREATE INDEX IF NOT EXISTS "django_admin_log_content_type_id_c4bce8eb" ON "django_admin_log" ("content_type_id");
CREATE INDEX IF NOT EXISTS "django_admin_log_user_id_c564eba6" ON "django_admin_log" ("user_id");
CREATE UNIQUE INDEX "django_content_type_app_label_model_76bd3d3b_uniq" ON "django_content_type" ("app_label", "model");
CREATE UNIQUE INDEX "auth_permission_content_type_id_codename_01ab375a_uniq" ON "auth_permission" ("content_type_id", "codename");
CREATE INDEX IF NOT EXISTS "auth_permission_content_type_id_2f476e4b" ON "auth_permission" ("content_type_id");
CREATE INDEX IF NOT EXISTS "users_guruhs_kurs_id_id_ed5d4264" ON "users_guruhs" ("kurs_id_id");
CREATE INDEX IF NOT EXISTS "users_yonalishs_fakultet_id_id_97bad4f8" ON "users_yonalishs" ("fakultet_id_id");
CREATE INDEX IF NOT EXISTS "users_kurs_yonalish_id_id_897d88e5" ON "users_kurs" ("yonalish_id_id");
CREATE INDEX IF NOT EXISTS "quiz_testlar_mavzu_id_id_59b13d58" ON "quiz_testlar" ("mavzu_id_id");
CREATE INDEX IF NOT EXISTS "quiz_talabas_fakultet_id_id_ba70bcf1" ON "quiz_talabas" ("fakultet_id_id");
CREATE INDEX IF NOT EXISTS "quiz_talabas_guruh_id_id_3e45a2ae" ON "quiz_talabas" ("guruh_id_id");
CREATE INDEX IF NOT EXISTS "quiz_talabas_kurs_id_id_dfd061fd" ON "quiz_talabas" ("kurs_id_id");
CREATE INDEX IF NOT EXISTS "quiz_talabas_yonalish_id_id_b569cc1e" ON "quiz_talabas" ("yonalish_id_id");
CREATE INDEX IF NOT EXISTS "quiz_talabas_tast_id_id_0de70755" ON "quiz_talabas" ("tast_id_id");
CREATE INDEX IF NOT EXISTS "django_session_expire_date_a5c62663" ON "django_session" ("expire_date");
CREATE TABLE IF NOT EXISTS "auth_user_groups" ("id" integer NOT NULL PRIMARY KEY AUTOINCREMENT, "user_id" integer NOT NULL REFERENCES "auth_user" ("id") DEFERRABLE INITIALLY DEFERRED, "group_id" integer NOT NULL REFERENCES "auth_group" ("id") DEFERRABLE INITIALLY DEFERRED);
CREATE UNIQUE INDEX "auth_group_permissions_group_id_permission_id_0cd325b0_uniq" ON "auth_group_permissions" ("group_id", "permission_id");
CREATE INDEX IF NOT EXISTS "auth_group_permissions_group_id_b120cbf9" ON "auth_group_permissions" ("group_id");
CREATE INDEX IF NOT EXISTS "auth_group_permissions_permission_id_84c5c92e" ON "auth_group_permissions" ("permission_id");
CREATE UNIQUE INDEX "auth_user_groups_user_id_group_id_94350c0c_uniq" ON "auth_user_groups" ("user_id", "group_id");
CREATE INDEX IF NOT EXISTS "auth_user_groups_user_id_6a12ed8b" ON "auth_user_groups" ("user_id");
CREATE INDEX IF NOT EXISTS "auth_user_groups_group_id_97559544" ON "auth_user_groups" ("group_id");
CREATE UNIQUE INDEX "auth_user_user_permissions_user_id_permission_id_14a6b632_uniq" ON "auth_user_user_permissions" ("user_id", "permission_id");
CREATE INDEX IF NOT EXISTS "auth_user_user_permissions_user_id_a95ead1b" ON "auth_user_user_permissions" ("user_id");
CREATE INDEX IF NOT EXISTS "auth_user_user_permissions_permission_id_1fbb5f2c" ON "auth_user_user_permissions" ("permission_id");
CREATE INDEX IF NOT EXISTS "django_admin_log_content_type_id_c4bce8eb" ON "django_admin_log" ("content_type_id");
CREATE INDEX IF NOT EXISTS "django_admin_log_user_id_c564eba6" ON "django_admin_log" ("user_id");
CREATE UNIQUE INDEX "django_content_type_app_label_model_76bd3d3b_uniq" ON "django_content_type" ("app_label", "model");
CREATE UNIQUE INDEX "auth_permission_content_type_id_codename_01ab375a_uniq" ON "auth_permission" ("content_type_id", "codename");
CREATE INDEX IF NOT EXISTS "auth_permission_content_type_id_2f476e4b" ON "auth_permission" ("content_type_id");
CREATE INDEX IF NOT EXISTS "users_guruhs_kurs_id_id_ed5d4264" ON "users_guruhs" ("kurs_id_id");
CREATE INDEX IF NOT EXISTS "users_yonalishs_fakultet_id_id_97bad4f8" ON "users_yonalishs" ("fakultet_id_id");
CREATE INDEX IF NOT EXISTS "users_kurs_yonalish_id_id_897d88e5" ON "users_kurs" ("yonalish_id_id");
CREATE INDEX IF NOT EXISTS "quiz_testlar_mavzu_id_id_59b13d58" ON "quiz_testlar" ("mavzu_id_id");
CREATE INDEX IF NOT EXISTS "quiz_talabas_fakultet_id_id_ba70bcf1" ON "quiz_talabas" ("fakultet_id_id");
CREATE INDEX IF NOT EXISTS "quiz_talabas_guruh_id_id_3e45a2ae" ON "quiz_talabas" ("guruh_id_id");
CREATE INDEX IF NOT EXISTS "quiz_talabas_kurs_id_id_dfd061fd" ON "quiz_talabas" ("kurs_id_id");
CREATE INDEX IF NOT EXISTS "quiz_talabas_yonalish_id_id_b569cc1e" ON "quiz_talabas" ("yonalish_id_id");
CREATE INDEX IF NOT EXISTS "quiz_talabas_tast_id_id_0de70755" ON "quiz_talabas" ("tast_id_id");
CREATE INDEX IF NOT EXISTS "django_session_expire_date_a5c62663" ON "django_session" ("expire_date");
CREATE TABLE IF NOT EXISTS "auth_user_user_permissions" ("id" integer NOT NULL PRIMARY KEY AUTOINCREMENT, "user_id" integer NOT NULL REFERENCES "auth_user" ("id") DEFERRABLE INITIALLY DEFERRED, "permission_id" integer NOT NULL REFERENCES "auth_permission" ("id") DEFERRABLE INITIALLY DEFERRED);
CREATE UNIQUE INDEX "auth_group_permissions_group_id_permission_id_0cd325b0_uniq" ON "auth_group_permissions" ("group_id", "permission_id");
CREATE INDEX IF NOT EXISTS "auth_group_permissions_group_id_b120cbf9" ON "auth_group_permissions" ("group_id");
CREATE INDEX IF NOT EXISTS "auth_group_permissions_permission_id_84c5c92e" ON "auth_group_permissions" ("permission_id");
CREATE UNIQUE INDEX "auth_user_groups_user_id_group_id_94350c0c_uniq" ON "auth_user_groups" ("user_id", "group_id");
CREATE INDEX IF NOT EXISTS "auth_user_groups_user_id_6a12ed8b" ON "auth_user_groups" ("user_id");
CREATE INDEX IF NOT EXISTS "auth_user_groups_group_id_97559544" ON "auth_user_groups" ("group_id");
CREATE UNIQUE INDEX "auth_user_user_permissions_user_id_permission_id_14a6b632_uniq" ON "auth_user_user_permissions" ("user_id", "permission_id");
CREATE INDEX IF NOT EXISTS "auth_user_user_permissions_user_id_a95ead1b" ON "auth_user_user_permissions" ("user_id");
CREATE INDEX IF NOT EXISTS "auth_user_user_permissions_permission_id_1fbb5f2c" ON "auth_user_user_permissions" ("permission_id");
CREATE INDEX IF NOT EXISTS "django_admin_log_content_type_id_c4bce8eb" ON "django_admin_log" ("content_type_id");
CREATE INDEX IF NOT EXISTS "django_admin_log_user_id_c564eba6" ON "django_admin_log" ("user_id");
CREATE UNIQUE INDEX "django_content_type_app_label_model_76bd3d3b_uniq" ON "django_content_type" ("app_label", "model");
CREATE UNIQUE INDEX "auth_permission_content_type_id_codename_01ab375a_uniq" ON "auth_permission" ("content_type_id", "codename");
CREATE INDEX IF NOT EXISTS "auth_permission_content_type_id_2f476e4b" ON "auth_permission" ("content_type_id");
CREATE INDEX IF NOT EXISTS "users_guruhs_kurs_id_id_ed5d4264" ON "users_guruhs" ("kurs_id_id");
CREATE INDEX IF NOT EXISTS "users_yonalishs_fakultet_id_id_97bad4f8" ON "users_yonalishs" ("fakultet_id_id");
CREATE INDEX IF NOT EXISTS "users_kurs_yonalish_id_id_897d88e5" ON "users_kurs" ("yonalish_id_id");
CREATE INDEX IF NOT EXISTS "quiz_testlar_mavzu_id_id_59b13d58" ON "quiz_testlar" ("mavzu_id_id");
CREATE INDEX IF NOT EXISTS "quiz_talabas_fakultet_id_id_ba70bcf1" ON "quiz_talabas" ("fakultet_id_id");
CREATE INDEX IF NOT EXISTS "quiz_talabas_guruh_id_id_3e45a2ae" ON "quiz_talabas" ("guruh_id_id");
CREATE INDEX IF NOT EXISTS "quiz_talabas_kurs_id_id_dfd061fd" ON "quiz_talabas" ("kurs_id_id");
CREATE INDEX IF NOT EXISTS "quiz_talabas_yonalish_id_id_b569cc1e" ON "quiz_talabas" ("yonalish_id_id");
CREATE INDEX IF NOT EXISTS "quiz_talabas_tast_id_id_0de70755" ON "quiz_talabas" ("tast_id_id");
CREATE INDEX IF NOT EXISTS "django_session_expire_date_a5c62663" ON "django_session" ("expire_date");
CREATE TABLE IF NOT EXISTS "django_admin_log" ("id" integer NOT NULL PRIMARY KEY AUTOINCREMENT, "object_id" text NULL, "object_repr" varchar(200) NOT NULL, "action_flag" smallint unsigned NOT NULL CHECK ("action_flag" >= 0), "change_message" text NOT NULL, "content_type_id" integer NULL REFERENCES "django_content_type" ("id") DEFERRABLE INITIALLY DEFERRED, "user_id" integer NOT NULL REFERENCES "auth_user" ("id") DEFERRABLE INITIALLY DEFERRED, "action_time" datetime NOT NULL);
CREATE UNIQUE INDEX "auth_group_permissions_group_id_permission_id_0cd325b0_uniq" ON "auth_group_permissions" ("group_id", "permission_id");
CREATE INDEX IF NOT EXISTS "auth_group_permissions_group_id_b120cbf9" ON "auth_group_permissions" ("group_id");
CREATE INDEX IF NOT EXISTS "auth_group_permissions_permission_id_84c5c92e" ON "auth_group_permissions" ("permission_id");
CREATE UNIQUE INDEX "auth_user_groups_user_id_group_id_94350c0c_uniq" ON "auth_user_groups" ("user_id", "group_id");
CREATE INDEX IF NOT EXISTS "auth_user_groups_user_id_6a12ed8b" ON "auth_user_groups" ("user_id");
CREATE INDEX IF NOT EXISTS "auth_user_groups_group_id_97559544" ON "auth_user_groups" ("group_id");
CREATE UNIQUE INDEX "auth_user_user_permissions_user_id_permission_id_14a6b632_uniq" ON "auth_user_user_permissions" ("user_id", "permission_id");
CREATE INDEX IF NOT EXISTS "auth_user_user_permissions_user_id_a95ead1b" ON "auth_user_user_permissions" ("user_id");
CREATE INDEX IF NOT EXISTS "auth_user_user_permissions_permission_id_1fbb5f2c" ON "auth_user_user_permissions" ("permission_id");
CREATE INDEX IF NOT EXISTS "django_admin_log_content_type_id_c4bce8eb" ON "django_admin_log" ("content_type_id");
CREATE INDEX IF NOT EXISTS "django_admin_log_user_id_c564eba6" ON "django_admin_log" ("user_id");
CREATE UNIQUE INDEX "django_content_type_app_label_model_76bd3d3b_uniq" ON "django_content_type" ("app_label", "model");
CREATE UNIQUE INDEX "auth_permission_content_type_id_codename_01ab375a_uniq" ON "auth_permission" ("content_type_id", "codename");
CREATE INDEX IF NOT EXISTS "auth_permission_content_type_id_2f476e4b" ON "auth_permission" ("content_type_id");
CREATE INDEX IF NOT EXISTS "users_guruhs_kurs_id_id_ed5d4264" ON "users_guruhs" ("kurs_id_id");
CREATE INDEX IF NOT EXISTS "users_yonalishs_fakultet_id_id_97bad4f8" ON "users_yonalishs" ("fakultet_id_id");
CREATE INDEX IF NOT EXISTS "users_kurs_yonalish_id_id_897d88e5" ON "users_kurs" ("yonalish_id_id");
CREATE INDEX IF NOT EXISTS "quiz_testlar_mavzu_id_id_59b13d58" ON "quiz_testlar" ("mavzu_id_id");
CREATE INDEX IF NOT EXISTS "quiz_talabas_fakultet_id_id_ba70bcf1" ON "quiz_talabas" ("fakultet_id_id");
CREATE INDEX IF NOT EXISTS "quiz_talabas_guruh_id_id_3e45a2ae" ON "quiz_talabas" ("guruh_id_id");
CREATE INDEX IF NOT EXISTS "quiz_talabas_kurs_id_id_dfd061fd" ON "quiz_talabas" ("kurs_id_id");
CREATE INDEX IF NOT EXISTS "quiz_talabas_yonalish_id_id_b569cc1e" ON "quiz_talabas" ("yonalish_id_id");
CREATE INDEX IF NOT EXISTS "quiz_talabas_tast_id_id_0de70755" ON "quiz_talabas" ("tast_id_id");
CREATE INDEX IF NOT EXISTS "django_session_expire_date_a5c62663" ON "django_session" ("expire_date");
CREATE TABLE IF NOT EXISTS "django_content_type" ("id" integer NOT NULL PRIMARY KEY AUTOINCREMENT, "app_label" varchar(100) NOT NULL, "model" varchar(100) NOT NULL);
INSERT INTO "django_content_type" VALUES(1,'admin','logentry');
INSERT INTO "django_content_type" VALUES(2,'auth','permission');
INSERT INTO "django_content_type" VALUES(3,'auth','group');
INSERT INTO "django_content_type" VALUES(4,'auth','user');
INSERT INTO "django_content_type" VALUES(5,'contenttypes','contenttype');
INSERT INTO "django_content_type" VALUES(6,'sessions','session');
INSERT INTO "django_content_type" VALUES(7,'quiz','mavzular');
INSERT INTO "django_content_type" VALUES(8,'quiz','testlar');
INSERT INTO "django_content_type" VALUES(9,'quiz','talabas');
INSERT INTO "django_content_type" VALUES(10,'users','fakultets');
INSERT INTO "django_content_type" VALUES(11,'users','kurs');
INSERT INTO "django_content_type" VALUES(12,'users','guruhs');
INSERT INTO "django_content_type" VALUES(13,'users','yonalishs');
CREATE UNIQUE INDEX "auth_group_permissions_group_id_permission_id_0cd325b0_uniq" ON "auth_group_permissions" ("group_id", "permission_id");
CREATE INDEX IF NOT EXISTS "auth_group_permissions_group_id_b120cbf9" ON "auth_group_permissions" ("group_id");
CREATE INDEX IF NOT EXISTS "auth_group_permissions_permission_id_84c5c92e" ON "auth_group_permissions" ("permission_id");
CREATE UNIQUE INDEX "auth_user_groups_user_id_group_id_94350c0c_uniq" ON "auth_user_groups" ("user_id", "group_id");
CREATE INDEX IF NOT EXISTS "auth_user_groups_user_id_6a12ed8b" ON "auth_user_groups" ("user_id");
CREATE INDEX IF NOT EXISTS "auth_user_groups_group_id_97559544" ON "auth_user_groups" ("group_id");
CREATE UNIQUE INDEX "auth_user_user_permissions_user_id_permission_id_14a6b632_uniq" ON "auth_user_user_permissions" ("user_id", "permission_id");
CREATE INDEX IF NOT EXISTS "auth_user_user_permissions_user_id_a95ead1b" ON "auth_user_user_permissions" ("user_id");
CREATE INDEX IF NOT EXISTS "auth_user_user_permissions_permission_id_1fbb5f2c" ON "auth_user_user_permissions" ("permission_id");
CREATE INDEX IF NOT EXISTS "django_admin_log_content_type_id_c4bce8eb" ON "django_admin_log" ("content_type_id");
CREATE INDEX IF NOT EXISTS "django_admin_log_user_id_c564eba6" ON "django_admin_log" ("user_id");
CREATE UNIQUE INDEX "django_content_type_app_label_model_76bd3d3b_uniq" ON "django_content_type" ("app_label", "model");
CREATE UNIQUE INDEX "auth_permission_content_type_id_codename_01ab375a_uniq" ON "auth_permission" ("content_type_id", "codename");
CREATE INDEX IF NOT EXISTS "auth_permission_content_type_id_2f476e4b" ON "auth_permission" ("content_type_id");
CREATE INDEX IF NOT EXISTS "users_guruhs_kurs_id_id_ed5d4264" ON "users_guruhs" ("kurs_id_id");
CREATE INDEX IF NOT EXISTS "users_yonalishs_fakultet_id_id_97bad4f8" ON "users_yonalishs" ("fakultet_id_id");
CREATE INDEX IF NOT EXISTS "users_kurs_yonalish_id_id_897d88e5" ON "users_kurs" ("yonalish_id_id");
CREATE INDEX IF NOT EXISTS "quiz_testlar_mavzu_id_id_59b13d58" ON "quiz_testlar" ("mavzu_id_id");
CREATE INDEX IF NOT EXISTS "quiz_talabas_fakultet_id_id_ba70bcf1" ON "quiz_talabas" ("fakultet_id_id");
CREATE INDEX IF NOT EXISTS "quiz_talabas_guruh_id_id_3e45a2ae" ON "quiz_talabas" ("guruh_id_id");
CREATE INDEX IF NOT EXISTS "quiz_talabas_kurs_id_id_dfd061fd" ON "quiz_talabas" ("kurs_id_id");
CREATE INDEX IF NOT EXISTS "quiz_talabas_yonalish_id_id_b569cc1e" ON "quiz_talabas" ("yonalish_id_id");
CREATE INDEX IF NOT EXISTS "quiz_talabas_tast_id_id_0de70755" ON "quiz_talabas" ("tast_id_id");
CREATE INDEX IF NOT EXISTS "django_session_expire_date_a5c62663" ON "django_session" ("expire_date");
CREATE TABLE IF NOT EXISTS "django_migrations" ("id" integer NOT NULL PRIMARY KEY AUTOINCREMENT, "app" varchar(255) NOT NULL, "name" varchar(255) NOT NULL, "applied" datetime NOT NULL);
INSERT INTO "django_migrations" VALUES(1,'contenttypes','0001_initial','2024-10-17 05:05:57.845714');
INSERT INTO "django_migrations" VALUES(2,'auth','0001_initial','2024-10-17 05:05:57.874210');
INSERT INTO "django_migrations" VALUES(3,'admin','0001_initial','2024-10-17 05:05:57.908353');
INSERT INTO "django_migrations" VALUES(4,'admin','0002_logentry_remove_auto_add','2024-10-17 05:05:57.933989');
INSERT INTO "django_migrations" VALUES(5,'admin','0003_logentry_add_action_flag_choices','2024-10-17 05:05:57.951659');
INSERT INTO "django_migrations" VALUES(6,'contenttypes','0002_remove_content_type_name','2024-10-17 05:05:57.987497');
INSERT INTO "django_migrations" VALUES(7,'auth','0002_alter_permission_name_max_length','2024-10-17 05:05:58.011104');
INSERT INTO "django_migrations" VALUES(8,'auth','0003_alter_user_email_max_length','2024-10-17 05:05:58.034608');
INSERT INTO "django_migrations" VALUES(9,'auth','0004_alter_user_username_opts','2024-10-17 05:05:58.053807');
INSERT INTO "django_migrations" VALUES(10,'auth','0005_alter_user_last_login_null','2024-10-17 05:05:58.078494');
INSERT INTO "django_migrations" VALUES(11,'auth','0006_require_contenttypes_0002','2024-10-17 05:05:58.085568');
INSERT INTO "django_migrations" VALUES(12,'auth','0007_alter_validators_add_error_messages','2024-10-17 05:05:58.108650');
INSERT INTO "django_migrations" VALUES(13,'auth','0008_alter_user_username_max_length','2024-10-17 05:05:58.129920');
INSERT INTO "django_migrations" VALUES(14,'auth','0009_alter_user_last_name_max_length','2024-10-17 05:05:58.152060');
INSERT INTO "django_migrations" VALUES(15,'auth','0010_alter_group_name_max_length','2024-10-17 05:05:58.173193');
INSERT INTO "django_migrations" VALUES(16,'auth','0011_update_proxy_permissions','2024-10-17 05:05:58.189072');
INSERT INTO "django_migrations" VALUES(17,'auth','0012_alter_user_first_name_max_length','2024-10-17 05:05:58.213028');
INSERT INTO "django_migrations" VALUES(18,'users','0001_initial','2024-10-17 05:05:58.237783');
INSERT INTO "django_migrations" VALUES(19,'quiz','0001_initial','2024-10-17 05:05:58.269331');
INSERT INTO "django_migrations" VALUES(20,'sessions','0001_initial','2024-10-17 05:05:58.286584');
CREATE UNIQUE INDEX "auth_group_permissions_group_id_permission_id_0cd325b0_uniq" ON "auth_group_permissions" ("group_id", "permission_id");
CREATE INDEX IF NOT EXISTS "auth_group_permissions_group_id_b120cbf9" ON "auth_group_permissions" ("group_id");
CREATE INDEX IF NOT EXISTS "auth_group_permissions_permission_id_84c5c92e" ON "auth_group_permissions" ("permission_id");
CREATE UNIQUE INDEX "auth_user_groups_user_id_group_id_94350c0c_uniq" ON "auth_user_groups" ("user_id", "group_id");
CREATE INDEX IF NOT EXISTS "auth_user_groups_user_id_6a12ed8b" ON "auth_user_groups" ("user_id");
CREATE INDEX IF NOT EXISTS "auth_user_groups_group_id_97559544" ON "auth_user_groups" ("group_id");
CREATE UNIQUE INDEX "auth_user_user_permissions_user_id_permission_id_14a6b632_uniq" ON "auth_user_user_permissions" ("user_id", "permission_id");
CREATE INDEX IF NOT EXISTS "auth_user_user_permissions_user_id_a95ead1b" ON "auth_user_user_permissions" ("user_id");
CREATE INDEX IF NOT EXISTS "auth_user_user_permissions_permission_id_1fbb5f2c" ON "auth_user_user_permissions" ("permission_id");
CREATE INDEX IF NOT EXISTS "django_admin_log_content_type_id_c4bce8eb" ON "django_admin_log" ("content_type_id");
CREATE INDEX IF NOT EXISTS "django_admin_log_user_id_c564eba6" ON "django_admin_log" ("user_id");
CREATE UNIQUE INDEX "django_content_type_app_label_model_76bd3d3b_uniq" ON "django_content_type" ("app_label", "model");
CREATE UNIQUE INDEX "auth_permission_content_type_id_codename_01ab375a_uniq" ON "auth_permission" ("content_type_id", "codename");
CREATE INDEX IF NOT EXISTS "auth_permission_content_type_id_2f476e4b" ON "auth_permission" ("content_type_id");
CREATE INDEX IF NOT EXISTS "users_guruhs_kurs_id_id_ed5d4264" ON "users_guruhs" ("kurs_id_id");
CREATE INDEX IF NOT EXISTS "users_yonalishs_fakultet_id_id_97bad4f8" ON "users_yonalishs" ("fakultet_id_id");
CREATE INDEX IF NOT EXISTS "users_kurs_yonalish_id_id_897d88e5" ON "users_kurs" ("yonalish_id_id");
CREATE INDEX IF NOT EXISTS "quiz_testlar_mavzu_id_id_59b13d58" ON "quiz_testlar" ("mavzu_id_id");
CREATE INDEX IF NOT EXISTS "quiz_talabas_fakultet_id_id_ba70bcf1" ON "quiz_talabas" ("fakultet_id_id");
CREATE INDEX IF NOT EXISTS "quiz_talabas_guruh_id_id_3e45a2ae" ON "quiz_talabas" ("guruh_id_id");
CREATE INDEX IF NOT EXISTS "quiz_talabas_kurs_id_id_dfd061fd" ON "quiz_talabas" ("kurs_id_id");
CREATE INDEX IF NOT EXISTS "quiz_talabas_yonalish_id_id_b569cc1e" ON "quiz_talabas" ("yonalish_id_id");
CREATE INDEX IF NOT EXISTS "quiz_talabas_tast_id_id_0de70755" ON "quiz_talabas" ("tast_id_id");
CREATE INDEX IF NOT EXISTS "django_session_expire_date_a5c62663" ON "django_session" ("expire_date");
CREATE TABLE IF NOT EXISTS "django_session" ("session_key" varchar(40) NOT NULL PRIMARY KEY, "session_data" text NOT NULL, "expire_date" datetime NOT NULL);
INSERT INTO "django_session" VALUES('wn9yiifrhvhrplg04xrjq23z4tv01xgv','.eJxVjMEOwiAQRP-FsyHdLSB49O43kGUXpGrapLQn47_bJj3oHOe9mbeKtC41ri3PcRB1UaBOv10ifuZxB_Kg8T5pnsZlHpLeFX3Qpm-T5Nf1cP8OKrW6rR0ChkBhCxcjxpoeTAdIKMQoXfZcpPeIPjlynJIFRlsKGDhjX0B9vsedN2U:1t1ImM:vWjiwlG14udoWKB6w42G_MEducufB1LHTNZCBZ9QTq4','2024-10-31 05:10:30.511730');
CREATE UNIQUE INDEX "auth_group_permissions_group_id_permission_id_0cd325b0_uniq" ON "auth_group_permissions" ("group_id", "permission_id");
CREATE INDEX IF NOT EXISTS "auth_group_permissions_group_id_b120cbf9" ON "auth_group_permissions" ("group_id");
CREATE INDEX IF NOT EXISTS "auth_group_permissions_permission_id_84c5c92e" ON "auth_group_permissions" ("permission_id");
CREATE UNIQUE INDEX "auth_user_groups_user_id_group_id_94350c0c_uniq" ON "auth_user_groups" ("user_id", "group_id");
CREATE INDEX IF NOT EXISTS "auth_user_groups_user_id_6a12ed8b" ON "auth_user_groups" ("user_id");
CREATE INDEX IF NOT EXISTS "auth_user_groups_group_id_97559544" ON "auth_user_groups" ("group_id");
CREATE UNIQUE INDEX "auth_user_user_permissions_user_id_permission_id_14a6b632_uniq" ON "auth_user_user_permissions" ("user_id", "permission_id");
CREATE INDEX IF NOT EXISTS "auth_user_user_permissions_user_id_a95ead1b" ON "auth_user_user_permissions" ("user_id");
CREATE INDEX IF NOT EXISTS "auth_user_user_permissions_permission_id_1fbb5f2c" ON "auth_user_user_permissions" ("permission_id");
CREATE INDEX IF NOT EXISTS "django_admin_log_content_type_id_c4bce8eb" ON "django_admin_log" ("content_type_id");
CREATE INDEX IF NOT EXISTS "django_admin_log_user_id_c564eba6" ON "django_admin_log" ("user_id");
CREATE UNIQUE INDEX "django_content_type_app_label_model_76bd3d3b_uniq" ON "django_content_type" ("app_label", "model");
CREATE UNIQUE INDEX "auth_permission_content_type_id_codename_01ab375a_uniq" ON "auth_permission" ("content_type_id", "codename");
CREATE INDEX IF NOT EXISTS "auth_permission_content_type_id_2f476e4b" ON "auth_permission" ("content_type_id");
CREATE INDEX IF NOT EXISTS "users_guruhs_kurs_id_id_ed5d4264" ON "users_guruhs" ("kurs_id_id");
CREATE INDEX IF NOT EXISTS "users_yonalishs_fakultet_id_id_97bad4f8" ON "users_yonalishs" ("fakultet_id_id");
CREATE INDEX IF NOT EXISTS "users_kurs_yonalish_id_id_897d88e5" ON "users_kurs" ("yonalish_id_id");
CREATE INDEX IF NOT EXISTS "quiz_testlar_mavzu_id_id_59b13d58" ON "quiz_testlar" ("mavzu_id_id");
CREATE INDEX IF NOT EXISTS "quiz_talabas_fakultet_id_id_ba70bcf1" ON "quiz_talabas" ("fakultet_id_id");
CREATE INDEX IF NOT EXISTS "quiz_talabas_guruh_id_id_3e45a2ae" ON "quiz_talabas" ("guruh_id_id");
CREATE INDEX IF NOT EXISTS "quiz_talabas_kurs_id_id_dfd061fd" ON "quiz_talabas" ("kurs_id_id");
CREATE INDEX IF NOT EXISTS "quiz_talabas_yonalish_id_id_b569cc1e" ON "quiz_talabas" ("yonalish_id_id");
CREATE INDEX IF NOT EXISTS "quiz_talabas_tast_id_id_0de70755" ON "quiz_talabas" ("tast_id_id");
CREATE INDEX IF NOT EXISTS "django_session_expire_date_a5c62663" ON "django_session" ("expire_date");
CREATE TABLE IF NOT EXISTS "quiz_mavzular" ("id" char(32) NOT NULL PRIMARY KEY, "created_at" date NOT NULL, "updated_at" date NOT NULL, "mavzu" varchar(255) NOT NULL, "qrcode" varchar(100) NOT NULL, "qrlink" varchar(255) NOT NULL, "yaratish" bool NOT NULL);
INSERT INTO "quiz_mavzular" VALUES('51525de43ad04d1d88b38ff18dd9f86f','2024-10-17','2024-10-17','Matematika','/mavzu/quiz_51525de4-3ad0-4d1d-88b3-8ff18dd9f86f.png','https://quiz2024.pythonanywhere.com/D:\github\test2024\media/mavzu/quiz_51525de4-3ad0-4d1d-88b3-8ff18dd9f86f.png',1);
INSERT INTO "quiz_mavzular" VALUES('12ea360291f84141b9528fed77e01375','2024-10-17','2024-10-17','Informatika','/mavzu/quiz_12ea3602-91f8-4141-b952-8fed77e01375.png','https://quiz2024.pythonanywhere.com/D:\github\test2024\media/mavzu/quiz_12ea3602-91f8-4141-b952-8fed77e01375.png',1);
CREATE UNIQUE INDEX "auth_group_permissions_group_id_permission_id_0cd325b0_uniq" ON "auth_group_permissions" ("group_id", "permission_id");
CREATE INDEX IF NOT EXISTS "auth_group_permissions_group_id_b120cbf9" ON "auth_group_permissions" ("group_id");
CREATE INDEX IF NOT EXISTS "auth_group_permissions_permission_id_84c5c92e" ON "auth_group_permissions" ("permission_id");
CREATE UNIQUE INDEX "auth_user_groups_user_id_group_id_94350c0c_uniq" ON "auth_user_groups" ("user_id", "group_id");
CREATE INDEX IF NOT EXISTS "auth_user_groups_user_id_6a12ed8b" ON "auth_user_groups" ("user_id");
CREATE INDEX IF NOT EXISTS "auth_user_groups_group_id_97559544" ON "auth_user_groups" ("group_id");
CREATE UNIQUE INDEX "auth_user_user_permissions_user_id_permission_id_14a6b632_uniq" ON "auth_user_user_permissions" ("user_id", "permission_id");
CREATE INDEX IF NOT EXISTS "auth_user_user_permissions_user_id_a95ead1b" ON "auth_user_user_permissions" ("user_id");
CREATE INDEX IF NOT EXISTS "auth_user_user_permissions_permission_id_1fbb5f2c" ON "auth_user_user_permissions" ("permission_id");
CREATE INDEX IF NOT EXISTS "django_admin_log_content_type_id_c4bce8eb" ON "django_admin_log" ("content_type_id");
CREATE INDEX IF NOT EXISTS "django_admin_log_user_id_c564eba6" ON "django_admin_log" ("user_id");
CREATE UNIQUE INDEX "django_content_type_app_label_model_76bd3d3b_uniq" ON "django_content_type" ("app_label", "model");
CREATE UNIQUE INDEX "auth_permission_content_type_id_codename_01ab375a_uniq" ON "auth_permission" ("content_type_id", "codename");
CREATE INDEX IF NOT EXISTS "auth_permission_content_type_id_2f476e4b" ON "auth_permission" ("content_type_id");
CREATE INDEX IF NOT EXISTS "users_guruhs_kurs_id_id_ed5d4264" ON "users_guruhs" ("kurs_id_id");
CREATE INDEX IF NOT EXISTS "users_yonalishs_fakultet_id_id_97bad4f8" ON "users_yonalishs" ("fakultet_id_id");
CREATE INDEX IF NOT EXISTS "users_kurs_yonalish_id_id_897d88e5" ON "users_kurs" ("yonalish_id_id");
CREATE INDEX IF NOT EXISTS "quiz_testlar_mavzu_id_id_59b13d58" ON "quiz_testlar" ("mavzu_id_id");
CREATE INDEX IF NOT EXISTS "quiz_talabas_fakultet_id_id_ba70bcf1" ON "quiz_talabas" ("fakultet_id_id");
CREATE INDEX IF NOT EXISTS "quiz_talabas_guruh_id_id_3e45a2ae" ON "quiz_talabas" ("guruh_id_id");
CREATE INDEX IF NOT EXISTS "quiz_talabas_kurs_id_id_dfd061fd" ON "quiz_talabas" ("kurs_id_id");
CREATE INDEX IF NOT EXISTS "quiz_talabas_yonalish_id_id_b569cc1e" ON "quiz_talabas" ("yonalish_id_id");
CREATE INDEX IF NOT EXISTS "quiz_talabas_tast_id_id_0de70755" ON "quiz_talabas" ("tast_id_id");
CREATE INDEX IF NOT EXISTS "django_session_expire_date_a5c62663" ON "django_session" ("expire_date");
CREATE TABLE IF NOT EXISTS "quiz_talabas" ("id" char(32) NOT NULL PRIMARY KEY, "created_at" date NOT NULL, "updated_at" date NOT NULL, "name" varchar(255) NOT NULL, "fakultet_id_id" char(32) NOT NULL REFERENCES "users_fakultets" ("id") DEFERRABLE INITIALLY DEFERRED, "guruh_id_id" char(32) NOT NULL REFERENCES "users_guruhs" ("id") DEFERRABLE INITIALLY DEFERRED, "kurs_id_id" char(32) NOT NULL REFERENCES "users_kurs" ("id") DEFERRABLE INITIALLY DEFERRED, "yonalish_id_id" char(32) NOT NULL REFERENCES "users_yonalishs" ("id") DEFERRABLE INITIALLY DEFERRED, "tast_id_id" char(32) NOT NULL REFERENCES "quiz_testlar" ("id") DEFERRABLE INITIALLY DEFERRED);
CREATE UNIQUE INDEX "auth_group_permissions_group_id_permission_id_0cd325b0_uniq" ON "auth_group_permissions" ("group_id", "permission_id");
CREATE INDEX IF NOT EXISTS "auth_group_permissions_group_id_b120cbf9" ON "auth_group_permissions" ("group_id");
CREATE INDEX IF NOT EXISTS "auth_group_permissions_permission_id_84c5c92e" ON "auth_group_permissions" ("permission_id");
CREATE UNIQUE INDEX "auth_user_groups_user_id_group_id_94350c0c_uniq" ON "auth_user_groups" ("user_id", "group_id");
CREATE INDEX IF NOT EXISTS "auth_user_groups_user_id_6a12ed8b" ON "auth_user_groups" ("user_id");
CREATE INDEX IF NOT EXISTS "auth_user_groups_group_id_97559544" ON "auth_user_groups" ("group_id");
CREATE UNIQUE INDEX "auth_user_user_permissions_user_id_permission_id_14a6b632_uniq" ON "auth_user_user_permissions" ("user_id", "permission_id");
CREATE INDEX IF NOT EXISTS "auth_user_user_permissions_user_id_a95ead1b" ON "auth_user_user_permissions" ("user_id");
CREATE INDEX IF NOT EXISTS "auth_user_user_permissions_permission_id_1fbb5f2c" ON "auth_user_user_permissions" ("permission_id");
CREATE INDEX IF NOT EXISTS "django_admin_log_content_type_id_c4bce8eb" ON "django_admin_log" ("content_type_id");
CREATE INDEX IF NOT EXISTS "django_admin_log_user_id_c564eba6" ON "django_admin_log" ("user_id");
CREATE UNIQUE INDEX "django_content_type_app_label_model_76bd3d3b_uniq" ON "django_content_type" ("app_label", "model");
CREATE UNIQUE INDEX "auth_permission_content_type_id_codename_01ab375a_uniq" ON "auth_permission" ("content_type_id", "codename");
CREATE INDEX IF NOT EXISTS "auth_permission_content_type_id_2f476e4b" ON "auth_permission" ("content_type_id");
CREATE INDEX IF NOT EXISTS "users_guruhs_kurs_id_id_ed5d4264" ON "users_guruhs" ("kurs_id_id");
CREATE INDEX IF NOT EXISTS "users_yonalishs_fakultet_id_id_97bad4f8" ON "users_yonalishs" ("fakultet_id_id");
CREATE INDEX IF NOT EXISTS "users_kurs_yonalish_id_id_897d88e5" ON "users_kurs" ("yonalish_id_id");
CREATE INDEX IF NOT EXISTS "quiz_testlar_mavzu_id_id_59b13d58" ON "quiz_testlar" ("mavzu_id_id");
CREATE INDEX IF NOT EXISTS "quiz_talabas_fakultet_id_id_ba70bcf1" ON "quiz_talabas" ("fakultet_id_id");
CREATE INDEX IF NOT EXISTS "quiz_talabas_guruh_id_id_3e45a2ae" ON "quiz_talabas" ("guruh_id_id");
CREATE INDEX IF NOT EXISTS "quiz_talabas_kurs_id_id_dfd061fd" ON "quiz_talabas" ("kurs_id_id");
CREATE INDEX IF NOT EXISTS "quiz_talabas_yonalish_id_id_b569cc1e" ON "quiz_talabas" ("yonalish_id_id");
CREATE INDEX IF NOT EXISTS "quiz_talabas_tast_id_id_0de70755" ON "quiz_talabas" ("tast_id_id");
CREATE INDEX IF NOT EXISTS "django_session_expire_date_a5c62663" ON "django_session" ("expire_date");
CREATE TABLE IF NOT EXISTS "quiz_testlar" ("id" char(32) NOT NULL PRIMARY KEY, "created_at" date NOT NULL, "updated_at" date NOT NULL, "savol" varchar(500) NOT NULL, "variant_a" varchar(255) NOT NULL, "variant_b" varchar(255) NOT NULL, "variant_c" varchar(255) NOT NULL, "variant_d" varchar(255) NOT NULL, "togri_javob" varchar(1) NOT NULL, "mavzu_id_id" char(32) NOT NULL REFERENCES "quiz_mavzular" ("id") DEFERRABLE INITIALLY DEFERRED);
INSERT INTO "quiz_testlar" VALUES('150030ad9e2b404287c92747adcaeeb9','2024-10-17','2024-10-17','Kvadirat tenglama','A','B','C','D','A','51525de43ad04d1d88b38ff18dd9f86f');
INSERT INTO "quiz_testlar" VALUES('9cda3a21addb4c8fb246960c63d0d52c','2024-10-17','2024-10-17','Python asoslari','A','B','C','D','A','12ea360291f84141b9528fed77e01375');
CREATE UNIQUE INDEX "auth_group_permissions_group_id_permission_id_0cd325b0_uniq" ON "auth_group_permissions" ("group_id", "permission_id");
CREATE INDEX IF NOT EXISTS "auth_group_permissions_group_id_b120cbf9" ON "auth_group_permissions" ("group_id");
CREATE INDEX IF NOT EXISTS "auth_group_permissions_permission_id_84c5c92e" ON "auth_group_permissions" ("permission_id");
CREATE UNIQUE INDEX "auth_user_groups_user_id_group_id_94350c0c_uniq" ON "auth_user_groups" ("user_id", "group_id");
CREATE INDEX IF NOT EXISTS "auth_user_groups_user_id_6a12ed8b" ON "auth_user_groups" ("user_id");
CREATE INDEX IF NOT EXISTS "auth_user_groups_group_id_97559544" ON "auth_user_groups" ("group_id");
CREATE UNIQUE INDEX "auth_user_user_permissions_user_id_permission_id_14a6b632_uniq" ON "auth_user_user_permissions" ("user_id", "permission_id");
CREATE INDEX IF NOT EXISTS "auth_user_user_permissions_user_id_a95ead1b" ON "auth_user_user_permissions" ("user_id");
CREATE INDEX IF NOT EXISTS "auth_user_user_permissions_permission_id_1fbb5f2c" ON "auth_user_user_permissions" ("permission_id");
CREATE INDEX IF NOT EXISTS "django_admin_log_content_type_id_c4bce8eb" ON "django_admin_log" ("content_type_id");
CREATE INDEX IF NOT EXISTS "django_admin_log_user_id_c564eba6" ON "django_admin_log" ("user_id");
CREATE UNIQUE INDEX "django_content_type_app_label_model_76bd3d3b_uniq" ON "django_content_type" ("app_label", "model");
CREATE UNIQUE INDEX "auth_permission_content_type_id_codename_01ab375a_uniq" ON "auth_permission" ("content_type_id", "codename");
CREATE INDEX IF NOT EXISTS "auth_permission_content_type_id_2f476e4b" ON "auth_permission" ("content_type_id");
CREATE INDEX IF NOT EXISTS "users_guruhs_kurs_id_id_ed5d4264" ON "users_guruhs" ("kurs_id_id");
CREATE INDEX IF NOT EXISTS "users_yonalishs_fakultet_id_id_97bad4f8" ON "users_yonalishs" ("fakultet_id_id");
CREATE INDEX IF NOT EXISTS "users_kurs_yonalish_id_id_897d88e5" ON "users_kurs" ("yonalish_id_id");
CREATE INDEX IF NOT EXISTS "quiz_testlar_mavzu_id_id_59b13d58" ON "quiz_testlar" ("mavzu_id_id");
CREATE INDEX IF NOT EXISTS "quiz_talabas_fakultet_id_id_ba70bcf1" ON "quiz_talabas" ("fakultet_id_id");
CREATE INDEX IF NOT EXISTS "quiz_talabas_guruh_id_id_3e45a2ae" ON "quiz_talabas" ("guruh_id_id");
CREATE INDEX IF NOT EXISTS "quiz_talabas_kurs_id_id_dfd061fd" ON "quiz_talabas" ("kurs_id_id");
CREATE INDEX IF NOT EXISTS "quiz_talabas_yonalish_id_id_b569cc1e" ON "quiz_talabas" ("yonalish_id_id");
CREATE INDEX IF NOT EXISTS "quiz_talabas_tast_id_id_0de70755" ON "quiz_talabas" ("tast_id_id");
CREATE INDEX IF NOT EXISTS "django_session_expire_date_a5c62663" ON "django_session" ("expire_date");
CREATE TABLE IF NOT EXISTS "users_fakultets" ("id" char(32) NOT NULL PRIMARY KEY, "created_at" date NOT NULL, "updated_at" date NOT NULL, "name" varchar(255) NOT NULL);
CREATE UNIQUE INDEX "auth_group_permissions_group_id_permission_id_0cd325b0_uniq" ON "auth_group_permissions" ("group_id", "permission_id");
CREATE INDEX IF NOT EXISTS "auth_group_permissions_group_id_b120cbf9" ON "auth_group_permissions" ("group_id");
CREATE INDEX IF NOT EXISTS "auth_group_permissions_permission_id_84c5c92e" ON "auth_group_permissions" ("permission_id");
CREATE UNIQUE INDEX "auth_user_groups_user_id_group_id_94350c0c_uniq" ON "auth_user_groups" ("user_id", "group_id");
CREATE INDEX IF NOT EXISTS "auth_user_groups_user_id_6a12ed8b" ON "auth_user_groups" ("user_id");
CREATE INDEX IF NOT EXISTS "auth_user_groups_group_id_97559544" ON "auth_user_groups" ("group_id");
CREATE UNIQUE INDEX "auth_user_user_permissions_user_id_permission_id_14a6b632_uniq" ON "auth_user_user_permissions" ("user_id", "permission_id");
CREATE INDEX IF NOT EXISTS "auth_user_user_permissions_user_id_a95ead1b" ON "auth_user_user_permissions" ("user_id");
CREATE INDEX IF NOT EXISTS "auth_user_user_permissions_permission_id_1fbb5f2c" ON "auth_user_user_permissions" ("permission_id");
CREATE INDEX IF NOT EXISTS "django_admin_log_content_type_id_c4bce8eb" ON "django_admin_log" ("content_type_id");
CREATE INDEX IF NOT EXISTS "django_admin_log_user_id_c564eba6" ON "django_admin_log" ("user_id");
CREATE UNIQUE INDEX "django_content_type_app_label_model_76bd3d3b_uniq" ON "django_content_type" ("app_label", "model");
CREATE UNIQUE INDEX "auth_permission_content_type_id_codename_01ab375a_uniq" ON "auth_permission" ("content_type_id", "codename");
CREATE INDEX IF NOT EXISTS "auth_permission_content_type_id_2f476e4b" ON "auth_permission" ("content_type_id");
CREATE INDEX IF NOT EXISTS "users_guruhs_kurs_id_id_ed5d4264" ON "users_guruhs" ("kurs_id_id");
CREATE INDEX IF NOT EXISTS "users_yonalishs_fakultet_id_id_97bad4f8" ON "users_yonalishs" ("fakultet_id_id");
CREATE INDEX IF NOT EXISTS "users_kurs_yonalish_id_id_897d88e5" ON "users_kurs" ("yonalish_id_id");
CREATE INDEX IF NOT EXISTS "quiz_testlar_mavzu_id_id_59b13d58" ON "quiz_testlar" ("mavzu_id_id");
CREATE INDEX IF NOT EXISTS "quiz_talabas_fakultet_id_id_ba70bcf1" ON "quiz_talabas" ("fakultet_id_id");
CREATE INDEX IF NOT EXISTS "quiz_talabas_guruh_id_id_3e45a2ae" ON "quiz_talabas" ("guruh_id_id");
CREATE INDEX IF NOT EXISTS "quiz_talabas_kurs_id_id_dfd061fd" ON "quiz_talabas" ("kurs_id_id");
CREATE INDEX IF NOT EXISTS "quiz_talabas_yonalish_id_id_b569cc1e" ON "quiz_talabas" ("yonalish_id_id");
CREATE INDEX IF NOT EXISTS "quiz_talabas_tast_id_id_0de70755" ON "quiz_talabas" ("tast_id_id");
CREATE INDEX IF NOT EXISTS "django_session_expire_date_a5c62663" ON "django_session" ("expire_date");
CREATE TABLE IF NOT EXISTS "users_guruhs" ("id" char(32) NOT NULL PRIMARY KEY, "created_at" date NOT NULL, "updated_at" date NOT NULL, "name" varchar(255) NOT NULL, "kurs_id_id" char(32) NOT NULL REFERENCES "users_kurs" ("id") DEFERRABLE INITIALLY DEFERRED);
CREATE UNIQUE INDEX "auth_group_permissions_group_id_permission_id_0cd325b0_uniq" ON "auth_group_permissions" ("group_id", "permission_id");
CREATE INDEX IF NOT EXISTS "auth_group_permissions_group_id_b120cbf9" ON "auth_group_permissions" ("group_id");
CREATE INDEX IF NOT EXISTS "auth_group_permissions_permission_id_84c5c92e" ON "auth_group_permissions" ("permission_id");
CREATE UNIQUE INDEX "auth_user_groups_user_id_group_id_94350c0c_uniq" ON "auth_user_groups" ("user_id", "group_id");
CREATE INDEX IF NOT EXISTS "auth_user_groups_user_id_6a12ed8b" ON "auth_user_groups" ("user_id");
CREATE INDEX IF NOT EXISTS "auth_user_groups_group_id_97559544" ON "auth_user_groups" ("group_id");
CREATE UNIQUE INDEX "auth_user_user_permissions_user_id_permission_id_14a6b632_uniq" ON "auth_user_user_permissions" ("user_id", "permission_id");
CREATE INDEX IF NOT EXISTS "auth_user_user_permissions_user_id_a95ead1b" ON "auth_user_user_permissions" ("user_id");
CREATE INDEX IF NOT EXISTS "auth_user_user_permissions_permission_id_1fbb5f2c" ON "auth_user_user_permissions" ("permission_id");
CREATE INDEX IF NOT EXISTS "django_admin_log_content_type_id_c4bce8eb" ON "django_admin_log" ("content_type_id");
CREATE INDEX IF NOT EXISTS "django_admin_log_user_id_c564eba6" ON "django_admin_log" ("user_id");
CREATE UNIQUE INDEX "django_content_type_app_label_model_76bd3d3b_uniq" ON "django_content_type" ("app_label", "model");
CREATE UNIQUE INDEX "auth_permission_content_type_id_codename_01ab375a_uniq" ON "auth_permission" ("content_type_id", "codename");
CREATE INDEX IF NOT EXISTS "auth_permission_content_type_id_2f476e4b" ON "auth_permission" ("content_type_id");
CREATE INDEX IF NOT EXISTS "users_guruhs_kurs_id_id_ed5d4264" ON "users_guruhs" ("kurs_id_id");
CREATE INDEX IF NOT EXISTS "users_yonalishs_fakultet_id_id_97bad4f8" ON "users_yonalishs" ("fakultet_id_id");
CREATE INDEX IF NOT EXISTS "users_kurs_yonalish_id_id_897d88e5" ON "users_kurs" ("yonalish_id_id");
CREATE INDEX IF NOT EXISTS "quiz_testlar_mavzu_id_id_59b13d58" ON "quiz_testlar" ("mavzu_id_id");
CREATE INDEX IF NOT EXISTS "quiz_talabas_fakultet_id_id_ba70bcf1" ON "quiz_talabas" ("fakultet_id_id");
CREATE INDEX IF NOT EXISTS "quiz_talabas_guruh_id_id_3e45a2ae" ON "quiz_talabas" ("guruh_id_id");
CREATE INDEX IF NOT EXISTS "quiz_talabas_kurs_id_id_dfd061fd" ON "quiz_talabas" ("kurs_id_id");
CREATE INDEX IF NOT EXISTS "quiz_talabas_yonalish_id_id_b569cc1e" ON "quiz_talabas" ("yonalish_id_id");
CREATE INDEX IF NOT EXISTS "quiz_talabas_tast_id_id_0de70755" ON "quiz_talabas" ("tast_id_id");
CREATE INDEX IF NOT EXISTS "django_session_expire_date_a5c62663" ON "django_session" ("expire_date");
CREATE TABLE IF NOT EXISTS "users_kurs" ("id" char(32) NOT NULL PRIMARY KEY, "created_at" date NOT NULL, "updated_at" date NOT NULL, "name" varchar(255) NOT NULL, "yonalish_id_id" char(32) NOT NULL REFERENCES "users_yonalishs" ("id") DEFERRABLE INITIALLY DEFERRED);
CREATE UNIQUE INDEX "auth_group_permissions_group_id_permission_id_0cd325b0_uniq" ON "auth_group_permissions" ("group_id", "permission_id");
CREATE INDEX IF NOT EXISTS "auth_group_permissions_group_id_b120cbf9" ON "auth_group_permissions" ("group_id");
CREATE INDEX IF NOT EXISTS "auth_group_permissions_permission_id_84c5c92e" ON "auth_group_permissions" ("permission_id");
CREATE UNIQUE INDEX "auth_user_groups_user_id_group_id_94350c0c_uniq" ON "auth_user_groups" ("user_id", "group_id");
CREATE INDEX IF NOT EXISTS "auth_user_groups_user_id_6a12ed8b" ON "auth_user_groups" ("user_id");
CREATE INDEX IF NOT EXISTS "auth_user_groups_group_id_97559544" ON "auth_user_groups" ("group_id");
CREATE UNIQUE INDEX "auth_user_user_permissions_user_id_permission_id_14a6b632_uniq" ON "auth_user_user_permissions" ("user_id", "permission_id");
CREATE INDEX IF NOT EXISTS "auth_user_user_permissions_user_id_a95ead1b" ON "auth_user_user_permissions" ("user_id");
CREATE INDEX IF NOT EXISTS "auth_user_user_permissions_permission_id_1fbb5f2c" ON "auth_user_user_permissions" ("permission_id");
CREATE INDEX IF NOT EXISTS "django_admin_log_content_type_id_c4bce8eb" ON "django_admin_log" ("content_type_id");
CREATE INDEX IF NOT EXISTS "django_admin_log_user_id_c564eba6" ON "django_admin_log" ("user_id");
CREATE UNIQUE INDEX "django_content_type_app_label_model_76bd3d3b_uniq" ON "django_content_type" ("app_label", "model");
CREATE UNIQUE INDEX "auth_permission_content_type_id_codename_01ab375a_uniq" ON "auth_permission" ("content_type_id", "codename");
CREATE INDEX IF NOT EXISTS "auth_permission_content_type_id_2f476e4b" ON "auth_permission" ("content_type_id");
CREATE INDEX IF NOT EXISTS "users_guruhs_kurs_id_id_ed5d4264" ON "users_guruhs" ("kurs_id_id");
CREATE INDEX IF NOT EXISTS "users_yonalishs_fakultet_id_id_97bad4f8" ON "users_yonalishs" ("fakultet_id_id");
CREATE INDEX IF NOT EXISTS "users_kurs_yonalish_id_id_897d88e5" ON "users_kurs" ("yonalish_id_id");
CREATE INDEX IF NOT EXISTS "quiz_testlar_mavzu_id_id_59b13d58" ON "quiz_testlar" ("mavzu_id_id");
CREATE INDEX IF NOT EXISTS "quiz_talabas_fakultet_id_id_ba70bcf1" ON "quiz_talabas" ("fakultet_id_id");
CREATE INDEX IF NOT EXISTS "quiz_talabas_guruh_id_id_3e45a2ae" ON "quiz_talabas" ("guruh_id_id");
CREATE INDEX IF NOT EXISTS "quiz_talabas_kurs_id_id_dfd061fd" ON "quiz_talabas" ("kurs_id_id");
CREATE INDEX IF NOT EXISTS "quiz_talabas_yonalish_id_id_b569cc1e" ON "quiz_talabas" ("yonalish_id_id");
CREATE INDEX IF NOT EXISTS "quiz_talabas_tast_id_id_0de70755" ON "quiz_talabas" ("tast_id_id");
CREATE INDEX IF NOT EXISTS "django_session_expire_date_a5c62663" ON "django_session" ("expire_date");
CREATE TABLE IF NOT EXISTS "users_yonalishs" ("id" char(32) NOT NULL PRIMARY KEY, "created_at" date NOT NULL, "updated_at" date NOT NULL, "name" varchar(255) NOT NULL, "fakultet_id_id" char(32) NOT NULL REFERENCES "users_fakultets" ("id") DEFERRABLE INITIALLY DEFERRED);
CREATE UNIQUE INDEX "auth_group_permissions_group_id_permission_id_0cd325b0_uniq" ON "auth_group_permissions" ("group_id", "permission_id");
CREATE INDEX IF NOT EXISTS "auth_group_permissions_group_id_b120cbf9" ON "auth_group_permissions" ("group_id");
CREATE INDEX IF NOT EXISTS "auth_group_permissions_permission_id_84c5c92e" ON "auth_group_permissions" ("permission_id");
CREATE UNIQUE INDEX "auth_user_groups_user_id_group_id_94350c0c_uniq" ON "auth_user_groups" ("user_id", "group_id");
CREATE INDEX IF NOT EXISTS "auth_user_groups_user_id_6a12ed8b" ON "auth_user_groups" ("user_id");
CREATE INDEX IF NOT EXISTS "auth_user_groups_group_id_97559544" ON "auth_user_groups" ("group_id");
CREATE UNIQUE INDEX "auth_user_user_permissions_user_id_permission_id_14a6b632_uniq" ON "auth_user_user_permissions" ("user_id", "permission_id");
CREATE INDEX IF NOT EXISTS "auth_user_user_permissions_user_id_a95ead1b" ON "auth_user_user_permissions" ("user_id");
CREATE INDEX IF NOT EXISTS "auth_user_user_permissions_permission_id_1fbb5f2c" ON "auth_user_user_permissions" ("permission_id");
CREATE INDEX IF NOT EXISTS "django_admin_log_content_type_id_c4bce8eb" ON "django_admin_log" ("content_type_id");
CREATE INDEX IF NOT EXISTS "django_admin_log_user_id_c564eba6" ON "django_admin_log" ("user_id");
CREATE UNIQUE INDEX "django_content_type_app_label_model_76bd3d3b_uniq" ON "django_content_type" ("app_label", "model");
CREATE UNIQUE INDEX "auth_permission_content_type_id_codename_01ab375a_uniq" ON "auth_permission" ("content_type_id", "codename");
CREATE INDEX IF NOT EXISTS "auth_permission_content_type_id_2f476e4b" ON "auth_permission" ("content_type_id");
CREATE INDEX IF NOT EXISTS "users_guruhs_kurs_id_id_ed5d4264" ON "users_guruhs" ("kurs_id_id");
CREATE INDEX IF NOT EXISTS "users_yonalishs_fakultet_id_id_97bad4f8" ON "users_yonalishs" ("fakultet_id_id");
CREATE INDEX IF NOT EXISTS "users_kurs_yonalish_id_id_897d88e5" ON "users_kurs" ("yonalish_id_id");
CREATE INDEX IF NOT EXISTS "quiz_testlar_mavzu_id_id_59b13d58" ON "quiz_testlar" ("mavzu_id_id");
CREATE INDEX IF NOT EXISTS "quiz_talabas_fakultet_id_id_ba70bcf1" ON "quiz_talabas" ("fakultet_id_id");
CREATE INDEX IF NOT EXISTS "quiz_talabas_guruh_id_id_3e45a2ae" ON "quiz_talabas" ("guruh_id_id");
CREATE INDEX IF NOT EXISTS "quiz_talabas_kurs_id_id_dfd061fd" ON "quiz_talabas" ("kurs_id_id");
CREATE INDEX IF NOT EXISTS "quiz_talabas_yonalish_id_id_b569cc1e" ON "quiz_talabas" ("yonalish_id_id");
CREATE INDEX IF NOT EXISTS "quiz_talabas_tast_id_id_0de70755" ON "quiz_talabas" ("tast_id_id");
CREATE INDEX IF NOT EXISTS "django_session_expire_date_a5c62663" ON "django_session" ("expire_date");
